PRAGMA foreign_keys=OFF;
BEGIN TRANSACTION;
CREATE TABLE IF NOT EXISTS "django_migrations" ("id" integer NOT NULL PRIMARY KEY AUTOINCREMENT, "app" varchar(255) NOT NULL, "name" varchar(255) NOT NULL, "applied" datetime NOT NULL);
INSERT INTO django_migrations VALUES(1,'contenttypes','0001_initial','2018-05-24 14:09:13.811553');
INSERT INTO django_migrations VALUES(2,'auth','0001_initial','2018-05-24 14:09:13.839709');
INSERT INTO django_migrations VALUES(3,'admin','0001_initial','2018-05-24 14:09:13.861370');
INSERT INTO django_migrations VALUES(4,'alchimest','0001_initial','2018-05-24 14:09:14.254515');
INSERT INTO django_migrations VALUES(5,'alchimest','0002_auto_20180520_0811','2018-05-24 14:09:14.320959');
INSERT INTO django_migrations VALUES(6,'alchimest','0003_auto_20180521_0205','2018-05-24 14:09:14.404782');
INSERT INTO django_migrations VALUES(7,'alchimest','0004_universallyuniquevariableclaim_claim_in','2018-05-24 14:09:14.456500');
INSERT INTO django_migrations VALUES(8,'alchimest','0005_universallyuniquevariableincomponent','2018-05-24 14:09:14.504840');
INSERT INTO django_migrations VALUES(9,'alchimest','0006_auto_20180521_0520','2018-05-24 14:09:14.588376');
INSERT INTO django_migrations VALUES(10,'alchimest','0007_auto_20180521_1104','2018-05-24 14:09:15.137468');
INSERT INTO django_migrations VALUES(11,'alchimest','0008_auto_20180521_1138','2018-05-24 14:09:15.181216');
INSERT INTO django_migrations VALUES(12,'alchimest','0009_auto_20180522_1202','2018-05-24 14:09:15.294988');
INSERT INTO django_migrations VALUES(13,'alchimest','0010_replica','2018-05-24 14:09:15.342832');
INSERT INTO django_migrations VALUES(14,'alchimest','0011_auto_20180523_0650','2018-05-24 14:09:15.425543');
INSERT INTO django_migrations VALUES(15,'alchimest','0012_auto_20180523_0716','2018-05-24 14:09:15.479092');
INSERT INTO django_migrations VALUES(16,'alchimest','0013_auto_20180523_0718','2018-05-24 14:09:15.525501');
INSERT INTO django_migrations VALUES(17,'alchimest','0014_auto_20180524_1114','2018-05-24 14:09:15.647252');
INSERT INTO django_migrations VALUES(18,'alchimest','0015_auto_20180524_1116','2018-05-24 14:09:15.693149');
INSERT INTO django_migrations VALUES(19,'alchimest','0016_auto_20180524_1358','2018-05-24 14:09:15.742167');
INSERT INTO django_migrations VALUES(20,'contenttypes','0002_remove_content_type_name','2018-05-24 14:09:15.865913');
INSERT INTO django_migrations VALUES(21,'auth','0002_alter_permission_name_max_length','2018-05-24 14:09:15.913373');
INSERT INTO django_migrations VALUES(22,'auth','0003_alter_user_email_max_length','2018-05-24 14:09:15.964885');
INSERT INTO django_migrations VALUES(23,'auth','0004_alter_user_username_opts','2018-05-24 14:09:16.012638');
INSERT INTO django_migrations VALUES(24,'auth','0005_alter_user_last_login_null','2018-05-24 14:09:16.063182');
INSERT INTO django_migrations VALUES(25,'auth','0006_require_contenttypes_0002','2018-05-24 14:09:16.065017');
INSERT INTO django_migrations VALUES(26,'coil','0001_initial','2018-05-24 14:09:16.227049');
INSERT INTO django_migrations VALUES(27,'coil','0002_auto_20180523_1326','2018-05-24 14:09:16.276038');
INSERT INTO django_migrations VALUES(28,'coil','0003_auto_20180523_1346','2018-05-24 14:09:16.368733');
INSERT INTO django_migrations VALUES(29,'coil','0004_auto_20180523_1350','2018-05-24 14:09:16.420117');
INSERT INTO django_migrations VALUES(30,'dashboard','0001_initial','2018-05-24 14:09:16.435164');
INSERT INTO django_migrations VALUES(31,'furion','0001_initial','2018-05-24 14:09:16.537832');
INSERT INTO django_migrations VALUES(32,'jet','0001_initial','2018-05-24 14:09:16.568165');
INSERT INTO django_migrations VALUES(33,'jet','0002_delete_userdashboardmodule','2018-05-24 14:09:16.576716');
INSERT INTO django_migrations VALUES(34,'phoenix','0001_initial','2018-05-24 14:09:16.586992');
INSERT INTO django_migrations VALUES(35,'phoenix','0002_auto_20180503_0848','2018-05-24 14:09:16.604106');
INSERT INTO django_migrations VALUES(36,'sessions','0001_initial','2018-05-24 14:09:16.614821');
CREATE TABLE IF NOT EXISTS "auth_group" ("id" integer NOT NULL PRIMARY KEY AUTOINCREMENT, "name" varchar(80) NOT NULL UNIQUE);
CREATE TABLE IF NOT EXISTS "auth_group_permissions" ("id" integer NOT NULL PRIMARY KEY AUTOINCREMENT, "group_id" integer NOT NULL REFERENCES "auth_group" ("id"), "permission_id" integer NOT NULL REFERENCES "auth_permission" ("id"), UNIQUE ("group_id", "permission_id"));
CREATE TABLE IF NOT EXISTS "auth_user_groups" ("id" integer NOT NULL PRIMARY KEY AUTOINCREMENT, "user_id" integer NOT NULL REFERENCES "auth_user" ("id"), "group_id" integer NOT NULL REFERENCES "auth_group" ("id"), UNIQUE ("user_id", "group_id"));
CREATE TABLE IF NOT EXISTS "auth_user_user_permissions" ("id" integer NOT NULL PRIMARY KEY AUTOINCREMENT, "user_id" integer NOT NULL REFERENCES "auth_user" ("id"), "permission_id" integer NOT NULL REFERENCES "auth_permission" ("id"), UNIQUE ("user_id", "permission_id"));
CREATE TABLE IF NOT EXISTS "django_admin_log" ("id" integer NOT NULL PRIMARY KEY AUTOINCREMENT, "action_time" datetime NOT NULL, "object_id" text NULL, "object_repr" varchar(200) NOT NULL, "action_flag" smallint unsigned NOT NULL, "change_message" text NOT NULL, "content_type_id" integer NULL REFERENCES "django_content_type" ("id"), "user_id" integer NOT NULL REFERENCES "auth_user" ("id"));
INSERT INTO django_admin_log VALUES(1,'2018-05-24 14:10:49.341929','1','DEFAULT',1,'',10,1);
INSERT INTO django_admin_log VALUES(2,'2018-05-24 14:10:54.673259','1','mengzicheng',2,'Added employee "mengzicheng".',7,1);
INSERT INTO django_admin_log VALUES(3,'2018-05-24 14:11:11.742894','1','mengzicheng',2,'Changed email.',7,1);
INSERT INTO django_admin_log VALUES(4,'2018-05-24 14:11:22.352705','1','mengzicheng',2,'Changed email.',7,1);
INSERT INTO django_admin_log VALUES(5,'2018-05-24 14:12:22.998852','hello','hello',1,'',28,1);
INSERT INTO django_admin_log VALUES(6,'2018-05-24 14:12:27.681974','hello','hello',3,'',28,1);
INSERT INTO django_admin_log VALUES(7,'2018-05-24 14:14:58.316585','ce1a410a-6246-4d39-9664-711fd39ad8fb','[DEFAULT]test_image_1:v1[NEW]',1,'',12,1);
INSERT INTO django_admin_log VALUES(8,'2018-05-24 14:15:27.289634','ce1a410a-6246-4d39-9664-711fd39ad8fb','[DEFAULT]test_image_1:v1.1[NEW]',2,'Changed tag and version.',12,1);
INSERT INTO django_admin_log VALUES(9,'2018-05-24 14:15:47.018405','274f78df-40fa-4c10-8865-9cdfeb4b9b89','[DEFAULT]test_image_1:v1.3[NEW]',2,'Changed tag and version.',12,1);
INSERT INTO django_admin_log VALUES(10,'2018-05-24 14:31:29.768533','9c2c6cf3-d2d4-40ba-8874-e1002a649030','[DEFAULT]test_component_1:version1[NEW]',1,'',14,1);
INSERT INTO django_admin_log VALUES(11,'2018-05-24 14:32:24.860494','2822f72d-2680-4889-9946-6ac744a25a02','env1_variable_ssh_key',1,'',13,1);
INSERT INTO django_admin_log VALUES(12,'2018-05-24 14:33:13.805873','b645ac01-cb83-449e-8a99-c98ad1357e9f','test_number',1,'',13,1);
INSERT INTO django_admin_log VALUES(13,'2018-05-24 14:34:09.369830','d6462c37-7c38-4fe0-b65f-786ac786ce04','[DEFAULT]package1:v1[NEW]',1,'',19,1);
INSERT INTO django_admin_log VALUES(14,'2018-05-24 14:34:20.762413','d6462c37-7c38-4fe0-b65f-786ac786ce04','[DEFAULT]package1:v1[NEW]',2,'Added universally unique variable in package "UniversallyUniqueVariableInPackage object".',19,1);
INSERT INTO django_admin_log VALUES(15,'2018-05-24 14:34:34.243712','d6462c37-7c38-4fe0-b65f-786ac786ce04','[DEFAULT]package1:v2[NEW]',2,'Changed tag. Added component release "[DEFAULT]test_component_1:version1[NEW] in [DEFAULT]package1:v2[NEW]".',19,1);
INSERT INTO django_admin_log VALUES(16,'2018-05-24 14:36:02.414159','f207e357-5623-4d8f-a9ae-dbb9030ab94d','[DEFAULT]image2:v1[NEW]',1,'',12,1);
INSERT INTO django_admin_log VALUES(17,'2018-05-24 14:36:19.827747','c1043f5f-204b-4134-8e4e-b5d1f40b9602','[DEFAULT]comp2:v1[NEW]',1,'',14,1);
INSERT INTO django_admin_log VALUES(18,'2018-05-24 14:37:05.412025','2','NAMESPACE2',1,'',10,1);
INSERT INTO django_admin_log VALUES(19,'2018-05-24 14:37:24.079659','1','mengzicheng',2,'Changed own_namespaces for employee "mengzicheng".',7,1);
INSERT INTO django_admin_log VALUES(20,'2018-05-24 14:37:35.543260','c1043f5f-204b-4134-8e4e-b5d1f40b9602','[DEFAULT]comp2:v2[NEW]',2,'Changed tag.',14,1);
INSERT INTO django_admin_log VALUES(21,'2018-05-24 14:37:41.050664','d0853c2c-db9f-4360-88b0-17b0f837efcc','[DEFAULT]comp2:v3[NEW]',2,'Changed tag.',14,1);
INSERT INTO django_admin_log VALUES(22,'2018-05-24 14:37:52.789968','d0853c2c-db9f-4360-88b0-17b0f837efcc','[DEFAULT]comp2:v2.2',2,'Changed tag.',14,1);
INSERT INTO django_admin_log VALUES(23,'2018-05-24 14:38:02.932677','851d46ef-05d5-42a9-9eb1-833f43ea3943','[DEFAULT]comp2:v4[NEW]',2,'Changed tag.',14,1);
INSERT INTO django_admin_log VALUES(24,'2018-05-24 14:38:14.593758','c1043f5f-204b-4134-8e4e-b5d1f40b9602','[NAMESPACE2]comp2:v1',2,'Changed namespace.',14,1);
INSERT INTO django_admin_log VALUES(25,'2018-05-24 14:38:30.997059','6a7abe95-cf7b-4613-a0d3-f75c4540b486','[DEFAULT]comp2:v4.4[NEW]',2,'Changed tag.',14,1);
INSERT INTO django_admin_log VALUES(26,'2018-05-24 14:38:57.211881','39978919-2998-4601-bd15-202ce201faa7','[NAMESPACE2]comp2:v1.7[NEW]',2,'Changed tag.',14,1);
INSERT INTO django_admin_log VALUES(27,'2018-05-24 14:39:33.925309','2a04708e-74f6-489a-8236-e5e131e2cf26','Replica object',1,'',23,1);
INSERT INTO django_admin_log VALUES(28,'2018-05-24 14:41:06.389680','env1','env1',1,'',27,1);
INSERT INTO django_admin_log VALUES(29,'2018-05-24 14:42:22.155341','mysql_cluster','mysql_cluster',1,'',24,1);
INSERT INTO django_admin_log VALUES(30,'2018-05-24 14:43:53.691097','k8s_region_1','k8s_region_1',1,'',26,1);
INSERT INTO django_admin_log VALUES(31,'2018-05-24 14:43:57.796019','env1','env1',2,'Changed region. Added use service "mysql_cluster in env1".',27,1);
INSERT INTO django_admin_log VALUES(32,'2018-05-24 14:45:59.174724','http://127.0.0.1:8000/alchimest','AlchimestHook object',1,'',32,1);
INSERT INTO django_admin_log VALUES(33,'2018-05-24 14:46:13.732508','http://127.0.0.1:8000/furion','FurionHook object',1,'',33,1);
INSERT INTO django_admin_log VALUES(34,'2018-05-24 14:46:39.707635','575ebb79-8b0f-4b1f-a7e2-68788d3087e3','DeploymentRecord object',1,'',34,1);
INSERT INTO django_admin_log VALUES(35,'2018-05-24 14:47:29.535839','hh','hh',1,'',28,1);
INSERT INTO django_admin_log VALUES(36,'2018-05-24 14:47:34.193421','hh','hh',3,'',28,1);
INSERT INTO django_admin_log VALUES(37,'2018-05-24 14:48:46.689146','575ebb79-8b0f-4b1f-a7e2-68788d3087e3','DeploymentRecord object',2,'No fields changed.',34,1);
INSERT INTO django_admin_log VALUES(38,'2018-05-24 15:38:14.386437','env1','env1',2,'Changed is_secret, value and checked for partner variable in environment "PartnerVariableInEnvironment object".',27,1);
INSERT INTO django_admin_log VALUES(39,'2018-05-24 15:54:48.039959','env1','env1',2,'Deleted partner variable in environment "PartnerVariableInEnvironment object". Deleted partner variable in environment "PartnerVariableInEnvironment object". Deleted partner variable in environment "PartnerVariableInEnvironment object". Deleted partner variable in environment "PartnerVariableInEnvironment object". Deleted partner variable in environment "PartnerVariableInEnvironment object". Deleted partner variable in environment "PartnerVariableInEnvironment object". Deleted partner variable in environment "PartnerVariableInEnvironment object". Deleted partner variable in environment "PartnerVariableInEnvironment object". Deleted partner variable in environment "PartnerVariableInEnvironment object". Deleted partner variable in environment "PartnerVariableInEnvironment object". Deleted partner variable in environment "PartnerVariableInEnvironment object".',27,1);
INSERT INTO django_admin_log VALUES(40,'2018-05-24 16:03:03.347700','64bed4e0-d803-4490-8539-5ad8f8bf25b9','env_redis_host',1,'',13,1);
INSERT INTO django_admin_log VALUES(41,'2018-05-24 16:03:07.189597','d6462c37-7c38-4fe0-b65f-786ac786ce04','[DEFAULT]package1:v1',2,'Added universally unique variable in package "UniversallyUniqueVariableInPackage object".',19,1);
INSERT INTO django_admin_log VALUES(42,'2018-05-24 16:03:53.012489','env1','env1',2,'Changed value and checked for partner variable in environment "PartnerVariableInEnvironment object".',27,1);
INSERT INTO django_admin_log VALUES(43,'2018-05-26 13:53:59.545757','9f3f9ea0-2737-45ea-9939-9332992ece2e','Replica object',1,'',23,1);
INSERT INTO django_admin_log VALUES(44,'2018-05-27 08:46:36.616436','988725f3-e373-484c-882e-d385efacd84b','Replica object',1,'',23,1);
CREATE TABLE IF NOT EXISTS "alchimest_port" ("id" integer NOT NULL PRIMARY KEY AUTOINCREMENT, "name" varchar(128) NOT NULL, "container_port" varchar(128) NOT NULL, "protocol" varchar(20) NOT NULL, "component_id" char(32) NOT NULL REFERENCES "alchimest_component" ("commit_id"));
INSERT INTO alchimest_port VALUES(1,'port-8080','8080','TCP','9c2c6cf3d2d440ba8874e1002a649030');
INSERT INTO alchimest_port VALUES(2,'port-udp','80','UDP','9c2c6cf3d2d440ba8874e1002a649030');
CREATE TABLE IF NOT EXISTS "alchimest_volume" ("id" integer NOT NULL PRIMARY KEY AUTOINCREMENT, "pvc_name" varchar(128) NOT NULL, "container_path" varchar(128) NOT NULL, "requests_storage_G" real NOT NULL, "mode" varchar(20) NOT NULL, "type" varchar(20) NOT NULL, "component_id" char(32) NOT NULL REFERENCES "alchimest_component" ("commit_id"));
INSERT INTO alchimest_volume VALUES(1,'vol-1','/log',1.0,'Read&Write','EMPTY','9c2c6cf3d2d440ba8874e1002a649030');
INSERT INTO alchimest_volume VALUES(2,'vol-2','/disk',1.0,'Read&Write','HOST','9c2c6cf3d2d440ba8874e1002a649030');
INSERT INTO alchimest_volume VALUES(3,'vol-3','/password',1.0,'Read&Write','SECRET','9c2c6cf3d2d440ba8874e1002a649030');
CREATE TABLE IF NOT EXISTS "alchimest_namespace" ("id" integer NOT NULL PRIMARY KEY AUTOINCREMENT, "name" varchar(256) NOT NULL, UNIQUE ("name"));
INSERT INTO alchimest_namespace VALUES(1,'DEFAULT');
INSERT INTO alchimest_namespace VALUES(2,'NAMESPACE2');
CREATE TABLE IF NOT EXISTS "alchimest_employee_own_namespaces" ("id" integer NOT NULL PRIMARY KEY AUTOINCREMENT, "employee_id" integer NOT NULL REFERENCES "alchimest_employee" ("id"), "namespace_id" integer NOT NULL REFERENCES "alchimest_namespace" ("id"), UNIQUE ("employee_id", "namespace_id"));
INSERT INTO alchimest_employee_own_namespaces VALUES(2,1,1);
INSERT INTO alchimest_employee_own_namespaces VALUES(3,1,2);
CREATE TABLE IF NOT EXISTS "alchimest_employee" ("id" integer NOT NULL PRIMARY KEY AUTOINCREMENT, "job" varchar(40) NOT NULL, "user_id" integer NOT NULL UNIQUE REFERENCES "auth_user" ("id"));
INSERT INTO alchimest_employee VALUES(1,'PM',1);
CREATE TABLE IF NOT EXISTS "alchimest_componentrelease" ("id" integer NOT NULL PRIMARY KEY AUTOINCREMENT, "quantity" integer NOT NULL, "description" varchar(256) NULL, "examined" bool NOT NULL, "component_id" char(32) NOT NULL REFERENCES "alchimest_component" ("commit_id"), "in_package_id" char(32) NOT NULL REFERENCES "alchimest_package" ("commit_id"));
INSERT INTO alchimest_componentrelease VALUES(1,3,'',0,'9c2c6cf3d2d440ba8874e1002a649030','d6462c377c384fe0b65f786ac786ce04');
INSERT INTO alchimest_componentrelease VALUES(2,3,'',0,'9c2c6cf3d2d440ba8874e1002a649030','80b239e52338440fb9015aaf50313998');
INSERT INTO alchimest_componentrelease VALUES(3,1,'备用',0,'9c2c6cf3d2d440ba8874e1002a649030','d6462c377c384fe0b65f786ac786ce04');
CREATE TABLE IF NOT EXISTS "alchimest_affinity" ("id" integer NOT NULL PRIMARY KEY AUTOINCREMENT, "type" varchar(20) NOT NULL, "reason" varchar(256) NULL, "component_id" char(32) NOT NULL REFERENCES "alchimest_component" ("commit_id"), "to_component_id" char(32) NOT NULL REFERENCES "alchimest_component" ("commit_id"));
CREATE TABLE IF NOT EXISTS "alchimest_image" ("commit_id" char(32) NOT NULL PRIMARY KEY, "name" varchar(256) NOT NULL, "tag" varchar(50) NOT NULL, "latest" bool NOT NULL, "changed_from" char(32) NULL, "registry" varchar(256) NOT NULL, "version" varchar(128) NOT NULL, "namespace_id" integer NOT NULL REFERENCES "alchimest_namespace" ("id"), UNIQUE ("name", "namespace_id", "tag"));
INSERT INTO alchimest_image VALUES('ce1a410a62464d399664711fd39ad8fb','test_image_1','v1',0,NULL,'127.0.0.1:5000/test_image_1','7edd7668c09042e31d13bc5f53745cf17c5c23a4',1);
INSERT INTO alchimest_image VALUES('274f78df40fa4c1088659cdfeb4b9b89','test_image_1','v1.1',0,'ce1a410a62464d399664711fd39ad8fb','127.0.0.1:5000/test_image_1','f2d608a1dcf747c8f6f746df47c6c44c183cf09e',1);
INSERT INTO alchimest_image VALUES('cc168c5c05c94f3a8158388d77732458','test_image_1','v1.3',1,'274f78df40fa4c1088659cdfeb4b9b89','127.0.0.1:5000/test_image_1','28cf3ae17aac523a369c5f4e5d5a399bb11477f3',1);
INSERT INTO alchimest_image VALUES('f207e35756234d8fa9aedbb9030ab94d','image2','v1',1,NULL,'127.0.0.1:5000/image2','213vcyds87ct8d9a81112321d1d11',1);
CREATE TABLE IF NOT EXISTS "alchimest_environment" ("id" integer NOT NULL PRIMARY KEY AUTOINCREMENT, "name" varchar(256) NOT NULL, "value" varchar(256) NOT NULL, "component_id" char(32) NOT NULL REFERENCES "alchimest_component" ("commit_id"), "type" varchar(50) NOT NULL);
INSERT INTO alchimest_environment VALUES(1,'env_1','hello world','9c2c6cf3d2d440ba8874e1002a649030','STRING');
CREATE TABLE IF NOT EXISTS "alchimest_component" ("commit_id" char(32) NOT NULL PRIMARY KEY, "name" varchar(256) NOT NULL, "tag" varchar(50) NOT NULL, "latest" bool NOT NULL, "changed_from" char(32) NULL, "description" varchar(256) NULL, "host_network" bool NOT NULL, "mem_per_instance" real NOT NULL, "cpu_per_instance" real NOT NULL, "image_id" char(32) NOT NULL REFERENCES "alchimest_image" ("commit_id"), "namespace_id" integer NOT NULL REFERENCES "alchimest_namespace" ("id"), UNIQUE ("name", "namespace_id", "tag"));
INSERT INTO alchimest_component VALUES('9c2c6cf3d2d440ba8874e1002a649030','test_component_1','version1',1,NULL,'测试组件1',0,127.99999999999999999,0.125,'ce1a410a62464d399664711fd39ad8fb',1);
INSERT INTO alchimest_component VALUES('c1043f5f204b41348e4eb5d1f40b9602','comp2','v1',0,NULL,'组件2',0,127.99999999999999999,0.125,'f207e35756234d8fa9aedbb9030ab94d',1);
INSERT INTO alchimest_component VALUES('d0853c2cdb9f436088b017b0f837efcc','comp2','v2',0,'c1043f5f204b41348e4eb5d1f40b9602','组件2',0,127.99999999999999999,0.125,'f207e35756234d8fa9aedbb9030ab94d',1);
INSERT INTO alchimest_component VALUES('851d46ef05d542a99eb1833f43ea3943','comp2','v3',0,'d0853c2cdb9f436088b017b0f837efcc','组件2',0,127.99999999999999999,0.125,'f207e35756234d8fa9aedbb9030ab94d',1);
INSERT INTO alchimest_component VALUES('fdb980516ef84675abdfb5b18bf9a716','comp2','v2.2',1,'d0853c2cdb9f436088b017b0f837efcc','组件2',0,127.99999999999999999,0.125,'f207e35756234d8fa9aedbb9030ab94d',1);
INSERT INTO alchimest_component VALUES('6a7abe95cf7b4613a0d3f75c4540b486','comp2','v4',0,'851d46ef05d542a99eb1833f43ea3943','组件2',0,127.99999999999999999,0.125,'f207e35756234d8fa9aedbb9030ab94d',1);
INSERT INTO alchimest_component VALUES('3997891929984601bd15202ce201faa7','comp2','v1',0,'c1043f5f204b41348e4eb5d1f40b9602','组件2',0,127.99999999999999999,0.125,'f207e35756234d8fa9aedbb9030ab94d',2);
INSERT INTO alchimest_component VALUES('a27fe491c6364609a3f1c83194616a2d','comp2','v4.4',1,'6a7abe95cf7b4613a0d3f75c4540b486','组件2',0,127.99999999999999999,0.125,'f207e35756234d8fa9aedbb9030ab94d',1);
INSERT INTO alchimest_component VALUES('e50df07c5b0645a4bc104affbb3a60ea','comp2','v1.7',1,'3997891929984601bd15202ce201faa7','组件2',0,127.99999999999999999,0.125,'f207e35756234d8fa9aedbb9030ab94d',2);
CREATE TABLE IF NOT EXISTS "alchimest_package" ("commit_id" char(32) NOT NULL PRIMARY KEY, "name" varchar(256) NOT NULL, "tag" varchar(50) NOT NULL, "latest" bool NOT NULL, "changed_from" char(32) NULL, "description" varchar(256) NULL, "approved" bool NOT NULL, "namespace_id" integer NOT NULL REFERENCES "alchimest_namespace" ("id"), UNIQUE ("name", "namespace_id", "tag"));
INSERT INTO alchimest_package VALUES('d6462c377c384fe0b65f786ac786ce04','package1','v1',0,NULL,'软件包1',1,1);
INSERT INTO alchimest_package VALUES('80b239e52338440fb9015aaf50313998','package1','v2',1,'d6462c377c384fe0b65f786ac786ce04','软件包1',1,1);
CREATE TABLE IF NOT EXISTS "alchimest_universallyuniquevariableincomponent" ("id" integer NOT NULL PRIMARY KEY AUTOINCREMENT, "in_component_id" char(32) NOT NULL REFERENCES "alchimest_component" ("commit_id"), "uuv_id" char(32) NOT NULL REFERENCES "alchimest_universallyuniquevariable" ("id"));
CREATE TABLE IF NOT EXISTS "alchimest_universallyuniquevariableinpackage" ("id" integer NOT NULL PRIMARY KEY AUTOINCREMENT, "in_package_id" char(32) NOT NULL REFERENCES "alchimest_package" ("commit_id"), "uuv_id" char(32) NOT NULL REFERENCES "alchimest_universallyuniquevariable" ("id"));
INSERT INTO alchimest_universallyuniquevariableinpackage VALUES(1,'d6462c377c384fe0b65f786ac786ce04','b645ac01cb83449e8a99c98ad1357e9f');
INSERT INTO alchimest_universallyuniquevariableinpackage VALUES(2,'d6462c377c384fe0b65f786ac786ce04','2822f72d2680488999466ac744a25a02');
INSERT INTO alchimest_universallyuniquevariableinpackage VALUES(3,'80b239e52338440fb9015aaf50313998','b645ac01cb83449e8a99c98ad1357e9f');
INSERT INTO alchimest_universallyuniquevariableinpackage VALUES(4,'80b239e52338440fb9015aaf50313998','2822f72d2680488999466ac744a25a02');
INSERT INTO alchimest_universallyuniquevariableinpackage VALUES(5,'d6462c377c384fe0b65f786ac786ce04','64bed4e0d803449085395ad8f8bf25b9');
CREATE TABLE IF NOT EXISTS "alchimest_replica" ("id" char(32) NOT NULL PRIMARY KEY, "time" datetime NOT NULL, "user_id" integer NOT NULL REFERENCES "auth_user" ("id"), "data_file" varchar(100) NULL);
INSERT INTO alchimest_replica VALUES('2a04708e74f6489a8236e5e131e2cf26','2018-05-24 14:39:33.922234',1,'alchimest/2a04708e-74f6-489a-8236-e5e131e2cf26_JzOrPa6.json');
INSERT INTO alchimest_replica VALUES('9f3f9ea0273745ea99399332992ece2e','2018-05-26 13:53:59.542590',1,'alchimest/9f3f9ea0-2737-45ea-9939-9332992ece2e_QNJjmYv.json');
INSERT INTO alchimest_replica VALUES('988725f3e373484c882ed385efacd84b','2018-05-27 08:46:36.612060',1,'alchimest/988725f3-e373-484c-882e-d385efacd84b_2AVNUcB.json');
CREATE TABLE IF NOT EXISTS "alchimest_universallyuniquevariable" ("id" char(32) NOT NULL PRIMARY KEY, "key" varchar(512) NOT NULL, "value_type" varchar(50) NOT NULL, "value_origin" varchar(50) NOT NULL, "value" varchar(512) NULL, "description" varchar(512) NULL, UNIQUE ("key"));
INSERT INTO alchimest_universallyuniquevariable VALUES('2822f72d2680488999466ac744a25a02','env1_variable_ssh_key','STRING','ENVIRONMENT','','需要在env1中给出这个变量的value，这个值的含义是ssh的key值');
INSERT INTO alchimest_universallyuniquevariable VALUES('b645ac01cb83449e8a99c98ad1357e9f','test_number','NOTSTR','CURRENT','20','测试实例使用数量');
INSERT INTO alchimest_universallyuniquevariable VALUES('64bed4e0d803449085395ad8f8bf25b9','env_redis_host','STRING','ENVIRONMENT','','需要前方实施工程师给出这个变量的value，这个值的含义是redis的host地址');
CREATE TABLE IF NOT EXISTS "django_content_type" ("id" integer NOT NULL PRIMARY KEY AUTOINCREMENT, "app_label" varchar(100) NOT NULL, "model" varchar(100) NOT NULL, UNIQUE ("app_label", "model"));
INSERT INTO django_content_type VALUES(1,'dashboard','userdashboardmodule');
INSERT INTO django_content_type VALUES(2,'jet','bookmark');
INSERT INTO django_content_type VALUES(3,'jet','pinnedapplication');
INSERT INTO django_content_type VALUES(4,'admin','logentry');
INSERT INTO django_content_type VALUES(5,'auth','permission');
INSERT INTO django_content_type VALUES(6,'auth','group');
INSERT INTO django_content_type VALUES(7,'auth','user');
INSERT INTO django_content_type VALUES(8,'contenttypes','contenttype');
INSERT INTO django_content_type VALUES(9,'sessions','session');
INSERT INTO django_content_type VALUES(10,'alchimest','namespace');
INSERT INTO django_content_type VALUES(11,'alchimest','employee');
INSERT INTO django_content_type VALUES(12,'alchimest','image');
INSERT INTO django_content_type VALUES(13,'alchimest','universallyuniquevariable');
INSERT INTO django_content_type VALUES(14,'alchimest','component');
INSERT INTO django_content_type VALUES(15,'alchimest','port');
INSERT INTO django_content_type VALUES(16,'alchimest','environment');
INSERT INTO django_content_type VALUES(17,'alchimest','volume');
INSERT INTO django_content_type VALUES(18,'alchimest','affinity');
INSERT INTO django_content_type VALUES(19,'alchimest','package');
INSERT INTO django_content_type VALUES(20,'alchimest','componentrelease');
INSERT INTO django_content_type VALUES(21,'alchimest','universallyuniquevariableinpackage');
INSERT INTO django_content_type VALUES(22,'alchimest','universallyuniquevariableincomponent');
INSERT INTO django_content_type VALUES(23,'alchimest','replica');
INSERT INTO django_content_type VALUES(24,'furion','service');
INSERT INTO django_content_type VALUES(25,'furion','variable');
INSERT INTO django_content_type VALUES(26,'furion','region');
INSERT INTO django_content_type VALUES(27,'furion','environment');
INSERT INTO django_content_type VALUES(28,'furion','partnervariable');
INSERT INTO django_content_type VALUES(29,'furion','partnervariableinenvironment');
INSERT INTO django_content_type VALUES(30,'furion','useservice');
INSERT INTO django_content_type VALUES(31,'phoenix','data');
INSERT INTO django_content_type VALUES(32,'coil','alchimesthook');
INSERT INTO django_content_type VALUES(33,'coil','furionhook');
INSERT INTO django_content_type VALUES(34,'coil','deploymentrecord');
CREATE TABLE IF NOT EXISTS "auth_permission" ("id" integer NOT NULL PRIMARY KEY AUTOINCREMENT, "content_type_id" integer NOT NULL REFERENCES "django_content_type" ("id"), "codename" varchar(100) NOT NULL, "name" varchar(255) NOT NULL, UNIQUE ("content_type_id", "codename"));
INSERT INTO auth_permission VALUES(1,1,'add_userdashboardmodule','Can add user dashboard module');
INSERT INTO auth_permission VALUES(2,1,'change_userdashboardmodule','Can change user dashboard module');
INSERT INTO auth_permission VALUES(3,1,'delete_userdashboardmodule','Can delete user dashboard module');
INSERT INTO auth_permission VALUES(4,2,'add_bookmark','Can add bookmark');
INSERT INTO auth_permission VALUES(5,2,'change_bookmark','Can change bookmark');
INSERT INTO auth_permission VALUES(6,2,'delete_bookmark','Can delete bookmark');
INSERT INTO auth_permission VALUES(7,3,'add_pinnedapplication','Can add pinned application');
INSERT INTO auth_permission VALUES(8,3,'change_pinnedapplication','Can change pinned application');
INSERT INTO auth_permission VALUES(9,3,'delete_pinnedapplication','Can delete pinned application');
INSERT INTO auth_permission VALUES(10,4,'add_logentry','Can add log entry');
INSERT INTO auth_permission VALUES(11,4,'change_logentry','Can change log entry');
INSERT INTO auth_permission VALUES(12,4,'delete_logentry','Can delete log entry');
INSERT INTO auth_permission VALUES(13,5,'add_permission','Can add permission');
INSERT INTO auth_permission VALUES(14,5,'change_permission','Can change permission');
INSERT INTO auth_permission VALUES(15,5,'delete_permission','Can delete permission');
INSERT INTO auth_permission VALUES(16,6,'add_group','Can add group');
INSERT INTO auth_permission VALUES(17,6,'change_group','Can change group');
INSERT INTO auth_permission VALUES(18,6,'delete_group','Can delete group');
INSERT INTO auth_permission VALUES(19,7,'add_user','Can add user');
INSERT INTO auth_permission VALUES(20,7,'change_user','Can change user');
INSERT INTO auth_permission VALUES(21,7,'delete_user','Can delete user');
INSERT INTO auth_permission VALUES(22,8,'add_contenttype','Can add content type');
INSERT INTO auth_permission VALUES(23,8,'change_contenttype','Can change content type');
INSERT INTO auth_permission VALUES(24,8,'delete_contenttype','Can delete content type');
INSERT INTO auth_permission VALUES(25,9,'add_session','Can add session');
INSERT INTO auth_permission VALUES(26,9,'change_session','Can change session');
INSERT INTO auth_permission VALUES(27,9,'delete_session','Can delete session');
INSERT INTO auth_permission VALUES(28,10,'add_namespace','Can add namespace');
INSERT INTO auth_permission VALUES(29,10,'change_namespace','Can change namespace');
INSERT INTO auth_permission VALUES(30,10,'delete_namespace','Can delete namespace');
INSERT INTO auth_permission VALUES(31,11,'add_employee','Can add employee');
INSERT INTO auth_permission VALUES(32,11,'change_employee','Can change employee');
INSERT INTO auth_permission VALUES(33,11,'delete_employee','Can delete employee');
INSERT INTO auth_permission VALUES(34,12,'add_image','Can add image');
INSERT INTO auth_permission VALUES(35,12,'change_image','Can change image');
INSERT INTO auth_permission VALUES(36,12,'delete_image','Can delete image');
INSERT INTO auth_permission VALUES(37,13,'add_universallyuniquevariable','Can add universally unique variable');
INSERT INTO auth_permission VALUES(38,13,'change_universallyuniquevariable','Can change universally unique variable');
INSERT INTO auth_permission VALUES(39,13,'delete_universallyuniquevariable','Can delete universally unique variable');
INSERT INTO auth_permission VALUES(40,14,'add_component','Can add component');
INSERT INTO auth_permission VALUES(41,14,'change_component','Can change component');
INSERT INTO auth_permission VALUES(42,14,'delete_component','Can delete component');
INSERT INTO auth_permission VALUES(43,15,'add_port','Can add port');
INSERT INTO auth_permission VALUES(44,15,'change_port','Can change port');
INSERT INTO auth_permission VALUES(45,15,'delete_port','Can delete port');
INSERT INTO auth_permission VALUES(46,16,'add_environment','Can add environment');
INSERT INTO auth_permission VALUES(47,16,'change_environment','Can change environment');
INSERT INTO auth_permission VALUES(48,16,'delete_environment','Can delete environment');
INSERT INTO auth_permission VALUES(49,17,'add_volume','Can add volume');
INSERT INTO auth_permission VALUES(50,17,'change_volume','Can change volume');
INSERT INTO auth_permission VALUES(51,17,'delete_volume','Can delete volume');
INSERT INTO auth_permission VALUES(52,18,'add_affinity','Can add affinity');
INSERT INTO auth_permission VALUES(53,18,'change_affinity','Can change affinity');
INSERT INTO auth_permission VALUES(54,18,'delete_affinity','Can delete affinity');
INSERT INTO auth_permission VALUES(55,19,'add_package','Can add package');
INSERT INTO auth_permission VALUES(56,19,'change_package','Can change package');
INSERT INTO auth_permission VALUES(57,19,'delete_package','Can delete package');
INSERT INTO auth_permission VALUES(58,20,'add_componentrelease','Can add component release');
INSERT INTO auth_permission VALUES(59,20,'change_componentrelease','Can change component release');
INSERT INTO auth_permission VALUES(60,20,'delete_componentrelease','Can delete component release');
INSERT INTO auth_permission VALUES(61,21,'add_universallyuniquevariableinpackage','Can add universally unique variable in package');
INSERT INTO auth_permission VALUES(62,21,'change_universallyuniquevariableinpackage','Can change universally unique variable in package');
INSERT INTO auth_permission VALUES(63,21,'delete_universallyuniquevariableinpackage','Can delete universally unique variable in package');
INSERT INTO auth_permission VALUES(64,22,'add_universallyuniquevariableincomponent','Can add universally unique variable in component');
INSERT INTO auth_permission VALUES(65,22,'change_universallyuniquevariableincomponent','Can change universally unique variable in component');
INSERT INTO auth_permission VALUES(66,22,'delete_universallyuniquevariableincomponent','Can delete universally unique variable in component');
INSERT INTO auth_permission VALUES(67,23,'add_replica','Can add replica');
INSERT INTO auth_permission VALUES(68,23,'change_replica','Can change replica');
INSERT INTO auth_permission VALUES(69,23,'delete_replica','Can delete replica');
INSERT INTO auth_permission VALUES(70,24,'add_service','Can add service');
INSERT INTO auth_permission VALUES(71,24,'change_service','Can change service');
INSERT INTO auth_permission VALUES(72,24,'delete_service','Can delete service');
INSERT INTO auth_permission VALUES(73,25,'add_variable','Can add variable');
INSERT INTO auth_permission VALUES(74,25,'change_variable','Can change variable');
INSERT INTO auth_permission VALUES(75,25,'delete_variable','Can delete variable');
INSERT INTO auth_permission VALUES(76,26,'add_region','Can add region');
INSERT INTO auth_permission VALUES(77,26,'change_region','Can change region');
INSERT INTO auth_permission VALUES(78,26,'delete_region','Can delete region');
INSERT INTO auth_permission VALUES(79,27,'add_environment','Can add environment');
INSERT INTO auth_permission VALUES(80,27,'change_environment','Can change environment');
INSERT INTO auth_permission VALUES(81,27,'delete_environment','Can delete environment');
INSERT INTO auth_permission VALUES(82,28,'add_partnervariable','Can add partner variable');
INSERT INTO auth_permission VALUES(83,28,'change_partnervariable','Can change partner variable');
INSERT INTO auth_permission VALUES(84,28,'delete_partnervariable','Can delete partner variable');
INSERT INTO auth_permission VALUES(85,29,'add_partnervariableinenvironment','Can add partner variable in environment');
INSERT INTO auth_permission VALUES(86,29,'change_partnervariableinenvironment','Can change partner variable in environment');
INSERT INTO auth_permission VALUES(87,29,'delete_partnervariableinenvironment','Can delete partner variable in environment');
INSERT INTO auth_permission VALUES(88,30,'add_useservice','Can add use service');
INSERT INTO auth_permission VALUES(89,30,'change_useservice','Can change use service');
INSERT INTO auth_permission VALUES(90,30,'delete_useservice','Can delete use service');
INSERT INTO auth_permission VALUES(91,31,'add_data','Can add data');
INSERT INTO auth_permission VALUES(92,31,'change_data','Can change data');
INSERT INTO auth_permission VALUES(93,31,'delete_data','Can delete data');
INSERT INTO auth_permission VALUES(94,32,'add_alchimesthook','Can add alchimest hook');
INSERT INTO auth_permission VALUES(95,32,'change_alchimesthook','Can change alchimest hook');
INSERT INTO auth_permission VALUES(96,32,'delete_alchimesthook','Can delete alchimest hook');
INSERT INTO auth_permission VALUES(97,33,'add_furionhook','Can add furion hook');
INSERT INTO auth_permission VALUES(98,33,'change_furionhook','Can change furion hook');
INSERT INTO auth_permission VALUES(99,33,'delete_furionhook','Can delete furion hook');
INSERT INTO auth_permission VALUES(100,34,'add_deploymentrecord','Can add deployment record');
INSERT INTO auth_permission VALUES(101,34,'change_deploymentrecord','Can change deployment record');
INSERT INTO auth_permission VALUES(102,34,'delete_deploymentrecord','Can delete deployment record');
CREATE TABLE IF NOT EXISTS "auth_user" ("id" integer NOT NULL PRIMARY KEY AUTOINCREMENT, "password" varchar(128) NOT NULL, "is_superuser" bool NOT NULL, "username" varchar(30) NOT NULL UNIQUE, "first_name" varchar(30) NOT NULL, "last_name" varchar(30) NOT NULL, "email" varchar(254) NOT NULL, "is_staff" bool NOT NULL, "is_active" bool NOT NULL, "date_joined" datetime NOT NULL, "last_login" datetime NULL);
INSERT INTO auth_user VALUES(1,'pbkdf2_sha256$20000$YXM9rLko8kBF$XPoyGBGupa7yg8g75rONZ6/dBURyVEdyFHBeqDbxGNk=',1,'mengzicheng','','','17854259002@139.com',1,1,'2018-05-24 14:09:24','2018-05-24 14:09:42');
CREATE TABLE IF NOT EXISTS "coil_alchimesthook" ("url" varchar(512) NOT NULL PRIMARY KEY);
INSERT INTO coil_alchimesthook VALUES('http://127.0.0.1:8000/alchimest');
CREATE TABLE IF NOT EXISTS "coil_furionhook" ("url" varchar(512) NOT NULL PRIMARY KEY);
INSERT INTO coil_furionhook VALUES('http://127.0.0.1:8000/furion');
CREATE TABLE IF NOT EXISTS "coil_deploymentrecord" ("id" char(32) NOT NULL PRIMARY KEY, "package_name" varchar(256) NOT NULL, "package_namespace" varchar(256) NOT NULL, "package_tag" varchar(50) NOT NULL, "environment_name" varchar(50) NOT NULL, "is_success" bool NOT NULL, "time" datetime NOT NULL, "user_id" integer NOT NULL REFERENCES "auth_user" ("id"), "result" varchar(100) NULL);
INSERT INTO coil_deploymentrecord VALUES('ad6ab6e2c19e406ba92a71b18b069562','package1','DEFAULT','v1','env1',0,'2018-05-24 14:45:30.731580',1,'coil/DEFAULT_package1_v1_in_env1_0w2UIbe.json');
INSERT INTO coil_deploymentrecord VALUES('575ebb798b0f4b1fa7e268788d3087e3','package1','DEFAULT','v1','env1',0,'2018-05-24 14:46:39.706656',1,'coil/DEFAULT_package1_v1_in_env1_PITEU4C.json');
INSERT INTO coil_deploymentrecord VALUES('1726631c5cae4faa9b292dca934dba64','package1','DEFAULT','v1','env1',1,'2018-05-24 15:31:29.022734',1,'coil/DEFAULT_package1_v1_in_env1_QFOkA0m.json');
INSERT INTO coil_deploymentrecord VALUES('46a7442bedd24d0eb8838cd29321114e','package1','DEFAULT','v1','env1',0,'2018-05-24 15:33:29.980945',1,'coil/DEFAULT_package1_v1_in_env1_MqkEQ8L.json');
INSERT INTO coil_deploymentrecord VALUES('ac45c4083fbc486694fde032b3beb1c1','package1','DEFAULT','v1','env1',0,'2018-05-24 15:38:21.463904',1,'coil/DEFAULT_package1_v1_in_env1_BUEKYNy.json');
INSERT INTO coil_deploymentrecord VALUES('66d37dc8db494c7eab26fa664c52fb42','package1','DEFAULT','v1','env1',0,'2018-05-24 15:38:23.490129',1,'coil/DEFAULT_package1_v1_in_env1_sJh8rwI.json');
INSERT INTO coil_deploymentrecord VALUES('63decb824b2e4e3a8f7ffb186ea7acc3','package1','DEFAULT','v1','env1',0,'2018-05-24 15:38:24.959142',1,'coil/DEFAULT_package1_v1_in_env1_PVFIxmj.json');
INSERT INTO coil_deploymentrecord VALUES('2a98a70dce2549d39eb1675058a7d2a4','package1','DEFAULT','v1','env1',0,'2018-05-24 15:38:26.525720',1,'coil/DEFAULT_package1_v1_in_env1_eaUsL9K.json');
INSERT INTO coil_deploymentrecord VALUES('91c19754733a4b1fbb9801e04eb90ad6','package1','DEFAULT','v1','env1',0,'2018-05-24 15:40:04.880362',1,'coil/DEFAULT_package1_v1_in_env1_o4SB9cv.json');
INSERT INTO coil_deploymentrecord VALUES('39e6c6af3a9c4c53a0ea3dde3bf070d6','package1','DEFAULT','v1','env1',0,'2018-05-24 15:42:45.767324',1,'coil/DEFAULT_package1_v1_in_env1_qygPVKe.json');
INSERT INTO coil_deploymentrecord VALUES('935150376dfc431cbd30dadeff79c171','package1','DEFAULT','v1','env1',0,'2018-05-24 15:42:47.842785',1,'coil/DEFAULT_package1_v1_in_env1_AmEUDDr.json');
INSERT INTO coil_deploymentrecord VALUES('f87f14e995de4f9390ded7848cca9e02','package1','DEFAULT','v1','env1',0,'2018-05-24 15:43:00.925041',1,'coil/DEFAULT_package1_v1_in_env1_DoEPBfW.json');
INSERT INTO coil_deploymentrecord VALUES('7c7a7a535295409480eff5639152d2c9','package1','DEFAULT','v1','env1',0,'2018-05-24 15:44:07.404167',1,'coil/DEFAULT_package1_v1_in_env1_rpv6GyR.json');
INSERT INTO coil_deploymentrecord VALUES('243976abaabf4835a49e5710a84aa85b','package1','DEFAULT','v1','env1',1,'2018-05-24 15:45:08.687657',1,'coil/DEFAULT_package1_v1_in_env1_W5koXKt.json');
INSERT INTO coil_deploymentrecord VALUES('0787e85e3e714c32a0bd3993fec7718b','package1','DEFAULT','v1','env1',0,'2018-05-24 15:52:36.722879',1,'coil/DEFAULT_package1_v1_in_env1_yCUwh7r.json');
INSERT INTO coil_deploymentrecord VALUES('b20f68019415495196c397c69deec3c6','package1','DEFAULT','v1','env1',0,'2018-05-24 15:53:01.229272',1,'coil/DEFAULT_package1_v1_in_env1_r8K8uun.json');
INSERT INTO coil_deploymentrecord VALUES('5421cf4bc58b4b6e970a1e630895d2fd','package1','DEFAULT','v1','env1',1,'2018-05-24 15:54:12.044809',1,'coil/DEFAULT_package1_v1_in_env1_VNe3hKG.json');
INSERT INTO coil_deploymentrecord VALUES('ea9f12efb67c4cfaa5deb2624662df0c','package1','DEFAULT','v1','env1',1,'2018-05-24 15:54:56.070176',1,'coil/DEFAULT_package1_v1_in_env1_Pd3OwtA.json');
INSERT INTO coil_deploymentrecord VALUES('6cab6b8f4f3e432f8e5e243c94a294f5','package1','DEFAULT','v1','env1',1,'2018-05-24 16:00:50.626898',1,'coil/DEFAULT_package1_v1_in_env1_ZNIEHDR.json');
INSERT INTO coil_deploymentrecord VALUES('0a4be9d0abc94f48b9de3fba465f65fb','package1','DEFAULT','v1','env1',0,'2018-05-24 16:03:14.177984',1,'coil/DEFAULT_package1_v1_in_env1_aUKx2mF.json');
INSERT INTO coil_deploymentrecord VALUES('f7aec71e2bb742699fabe7930dd8b4c0','package1','DEFAULT','v1','env1',1,'2018-05-24 16:03:58.451627',1,'coil/DEFAULT_package1_v1_in_env1_rsSQFlj.json');
INSERT INTO coil_deploymentrecord VALUES('02d255f578bd49e4b727646a9631e2d3','package1','DEFAULT','v1','env1',1,'2018-05-26 13:51:57.947724',1,'coil/DEFAULT_package1_v1_in_env1_uoPdrDq.json');
CREATE TABLE IF NOT EXISTS "dashboard_userdashboardmodule" ("id" integer NOT NULL PRIMARY KEY AUTOINCREMENT, "title" varchar(255) NOT NULL, "module" varchar(255) NOT NULL, "app_label" varchar(255) NULL, "user" integer unsigned NOT NULL, "column" integer unsigned NOT NULL, "order" integer NOT NULL, "settings" text NOT NULL, "children" text NOT NULL, "collapsed" bool NOT NULL);
INSERT INTO dashboard_userdashboardmodule VALUES(1,'Quick links','jet.dashboard.modules.LinkList',NULL,1,0,0,'{"draggable": false, "collapsible": false, "layout": "inline", "deletable": false}','[{"url": "/", "title": "Return to site"}, {"url": "/admin/password_change/", "title": "Change password"}, {"url": "/admin/logout/", "title": "Log out"}]',0);
INSERT INTO dashboard_userdashboardmodule VALUES(2,'Applications','jet.dashboard.modules.AppList',NULL,1,1,0,'{"models": null, "exclude": ["auth.*"]}','',0);
INSERT INTO dashboard_userdashboardmodule VALUES(3,'Administration','jet.dashboard.modules.AppList',NULL,1,2,0,'{"models": ["auth.*"], "exclude": null}','',0);
INSERT INTO dashboard_userdashboardmodule VALUES(4,'Recent Actions','jet.dashboard.modules.RecentActions',NULL,1,0,1,'{"exclude_list": null, "include_list": null, "limit": 10, "user": null}','',0);
INSERT INTO dashboard_userdashboardmodule VALUES(6,'Support','jet.dashboard.modules.LinkList',NULL,1,2,1,'{"draggable": true, "collapsible": true, "layout": "stacked", "deletable": true}','[{"url": "http://docs.djangoproject.com/", "external": true, "title": "Django documentation"}, {"url": "http://groups.google.com/group/django-users", "external": true, "title": "Django \"django-users\" mailing list"}, {"url": "irc://irc.freenode.net/django", "external": true, "title": "Django irc channel"}]',0);
INSERT INTO dashboard_userdashboardmodule VALUES(7,'Application models','jet.dashboard.modules.ModelList','auth',1,0,0,'{"models": ["auth.*"], "exclude": null}','',0);
INSERT INTO dashboard_userdashboardmodule VALUES(8,'Recent Actions','jet.dashboard.modules.RecentActions','auth',1,1,0,'{"exclude_list": null, "include_list": ["auth.*"], "limit": 10, "user": null}','',0);
INSERT INTO dashboard_userdashboardmodule VALUES(9,'Application models','jet.dashboard.modules.ModelList','furion',1,0,0,'{"models": ["furion.*"], "exclude": null}','',0);
INSERT INTO dashboard_userdashboardmodule VALUES(10,'Recent Actions','jet.dashboard.modules.RecentActions','furion',1,1,0,'{"exclude_list": null, "include_list": ["furion.*"], "limit": 10, "user": null}','',0);
INSERT INTO dashboard_userdashboardmodule VALUES(11,'Application models','jet.dashboard.modules.ModelList','coil',1,0,0,'{"models": ["coil.*"], "exclude": null}','',0);
INSERT INTO dashboard_userdashboardmodule VALUES(12,'Recent Actions','jet.dashboard.modules.RecentActions','coil',1,1,0,'{"exclude_list": null, "include_list": ["coil.*"], "limit": 10, "user": null}','',0);
INSERT INTO dashboard_userdashboardmodule VALUES(13,'Application models','jet.dashboard.modules.ModelList','alchimest',1,0,0,'{"models": ["alchimest.*"], "exclude": null}','',0);
INSERT INTO dashboard_userdashboardmodule VALUES(14,'Recent Actions','jet.dashboard.modules.RecentActions','alchimest',1,1,0,'{"exclude_list": null, "include_list": ["alchimest.*"], "limit": 10, "user": null}','',0);
CREATE TABLE IF NOT EXISTS "furion_partnervariable" ("key" varchar(512) NOT NULL PRIMARY KEY, "description" varchar(512) NULL);
INSERT INTO furion_partnervariable VALUES('env1_variable_ssh_key','需要在env1中给出这个变量的value，这个值的含义是ssh的key值');
INSERT INTO furion_partnervariable VALUES('env_redis_host','需要前方实施工程师给出这个变量的value，这个值的含义是redis的host地址');
CREATE TABLE IF NOT EXISTS "furion_partnervariableinenvironment" ("id" integer NOT NULL PRIMARY KEY AUTOINCREMENT, "is_secret" bool NOT NULL, "value" varchar(512) NULL, "checked" bool NOT NULL, "in_environment_id" varchar(50) NOT NULL REFERENCES "furion_environment" ("name"), "partner_variable_id" varchar(512) NOT NULL REFERENCES "furion_partnervariable" ("key"));
INSERT INTO furion_partnervariableinenvironment VALUES(1,1,'u4i10329jd1j',1,'env1','env1_variable_ssh_key');
INSERT INTO furion_partnervariableinenvironment VALUES(13,0,'http://main.com/redis',1,'env1','env_redis_host');
CREATE TABLE IF NOT EXISTS "furion_region" ("name" varchar(50) NOT NULL PRIMARY KEY, "k8s_api_endpoint" varchar(128) NOT NULL, "auth_token" varchar(512) NOT NULL);
INSERT INTO furion_region VALUES('k8s_region_1','https://172.16.38.169:6443','LS0tLS1CRUdJTiBSU0EgUFJJVkFURSBLRVktLS0tLQpNSUlFcGdJQkFBS0NBUUVBeGtYR0xSRHdNVHBaVk1NQXJNNk1jalZoeUcvcUU3Smh1MEZnUGJCbjUyRmw1TGhRCkpwOE9pWndkTko4ZEhIUGIzcHM1aFJNWEJxanlKcVU2UGdLL0Nab0ljUXUwZkJNOEIzUG9RRlhwZUpHYjhCeGIKelBnNWxNb29mTXBrM1lvWHFCRmpBZFREb3NMYThUQlNtK0VvWjdUeHJqcEFKcG5QOXovSnA3VmJMMExnRUE3YgpEY2hwM05JaEptQjk5bmRSQm1XOW5pZEd2aUpzTjZQWmdQOHpDYWNjbmtuT2NsMUQ1b1lqU0RQWU5hTDg1ZjNVCkZDUXNYWFlBditLaWlQVnJ4bnRCQWNieEpTWXo1WHFHSVFRMmU2OXYxWHJ3eTljMXFWdHZ2Y08veHhCc1psVDgKeTU3djAveTRRalh1L2czRlJMcVB5akVjYUhm');
CREATE TABLE IF NOT EXISTS "furion_service" ("name" varchar(50) NOT NULL PRIMARY KEY, "type" varchar(20) NOT NULL);
INSERT INTO furion_service VALUES('mysql_cluster','MYSQL');
CREATE TABLE IF NOT EXISTS "furion_useservice" ("id" integer NOT NULL PRIMARY KEY AUTOINCREMENT, "exclusive" bool NOT NULL, "in_environment_id" varchar(50) NOT NULL REFERENCES "furion_environment" ("name"), "service_id" varchar(50) NOT NULL REFERENCES "furion_service" ("name"));
INSERT INTO furion_useservice VALUES(1,0,'env1','mysql_cluster');
CREATE TABLE IF NOT EXISTS "furion_variable" ("id" integer NOT NULL PRIMARY KEY AUTOINCREMENT, "name" varchar(256) NOT NULL, "type" varchar(50) NOT NULL, "value" varchar(256) NOT NULL, "in_service_id" varchar(50) NOT NULL REFERENCES "furion_service" ("name"));
INSERT INTO furion_variable VALUES(1,'instance_number','NOTSTR','1','mysql_cluster');
CREATE TABLE IF NOT EXISTS "furion_environment" ("name" varchar(50) NOT NULL PRIMARY KEY, "region_id" varchar(50) NULL REFERENCES "furion_region" ("name"));
INSERT INTO furion_environment VALUES('env1','k8s_region_1');
CREATE TABLE IF NOT EXISTS "jet_bookmark" ("id" integer NOT NULL PRIMARY KEY AUTOINCREMENT, "url" varchar(200) NOT NULL, "title" varchar(255) NOT NULL, "user" integer unsigned NOT NULL, "date_add" datetime NOT NULL);
CREATE TABLE IF NOT EXISTS "jet_pinnedapplication" ("id" integer NOT NULL PRIMARY KEY AUTOINCREMENT, "app_label" varchar(255) NOT NULL, "user" integer unsigned NOT NULL, "date_add" datetime NOT NULL);
CREATE TABLE IF NOT EXISTS "phoenix_data" ("id" integer NOT NULL PRIMARY KEY AUTOINCREMENT, "content" text NOT NULL);
CREATE TABLE IF NOT EXISTS "django_session" ("session_key" varchar(40) NOT NULL PRIMARY KEY, "session_data" text NOT NULL, "expire_date" datetime NOT NULL);
INSERT INTO django_session VALUES('03j2daqlvj4acj2qciquwh7a0se8d7yl','ODUxNzQwNWIxYjg3NDAwYjE2ZTE3NzdjOTIxYWJlY2RhYTFmODBkZTp7Il9hdXRoX3VzZXJfaGFzaCI6ImZlOGEzODM3YzU1NGYzOTI4ZWJhMzJlNTRmYTkzOGUyNDBiMTkyODciLCJfYXV0aF91c2VyX2JhY2tlbmQiOiJkamFuZ28uY29udHJpYi5hdXRoLmJhY2tlbmRzLk1vZGVsQmFja2VuZCIsIl9hdXRoX3VzZXJfaWQiOiIxIn0=','2018-06-07 14:09:42.406624');
DELETE FROM sqlite_sequence;
INSERT INTO sqlite_sequence VALUES('django_migrations',36);
INSERT INTO sqlite_sequence VALUES('alchimest_namespace',2);
INSERT INTO sqlite_sequence VALUES('alchimest_employee',1);
INSERT INTO sqlite_sequence VALUES('alchimest_componentrelease',3);
INSERT INTO sqlite_sequence VALUES('alchimest_affinity',0);
INSERT INTO sqlite_sequence VALUES('alchimest_environment',1);
INSERT INTO sqlite_sequence VALUES('alchimest_universallyuniquevariableincomponent',0);
INSERT INTO sqlite_sequence VALUES('alchimest_universallyuniquevariableinpackage',5);
INSERT INTO sqlite_sequence VALUES('django_content_type',34);
INSERT INTO sqlite_sequence VALUES('auth_permission',102);
INSERT INTO sqlite_sequence VALUES('auth_user',1);
INSERT INTO sqlite_sequence VALUES('phoenix_data',0);
INSERT INTO sqlite_sequence VALUES('dashboard_userdashboardmodule',14);
INSERT INTO sqlite_sequence VALUES('django_admin_log',44);
INSERT INTO sqlite_sequence VALUES('alchimest_employee_own_namespaces',3);
INSERT INTO sqlite_sequence VALUES('alchimest_volume',3);
INSERT INTO sqlite_sequence VALUES('alchimest_port',2);
INSERT INTO sqlite_sequence VALUES('furion_variable',1);
INSERT INTO sqlite_sequence VALUES('furion_useservice',1);
INSERT INTO sqlite_sequence VALUES('furion_partnervariableinenvironment',13);
CREATE INDEX "auth_group_permissions_0e939a4f" ON "auth_group_permissions" ("group_id");
CREATE INDEX "auth_group_permissions_8373b171" ON "auth_group_permissions" ("permission_id");
CREATE INDEX "auth_user_groups_e8701ad4" ON "auth_user_groups" ("user_id");
CREATE INDEX "auth_user_groups_0e939a4f" ON "auth_user_groups" ("group_id");
CREATE INDEX "auth_user_user_permissions_e8701ad4" ON "auth_user_user_permissions" ("user_id");
CREATE INDEX "auth_user_user_permissions_8373b171" ON "auth_user_user_permissions" ("permission_id");
CREATE INDEX "django_admin_log_417f1b1c" ON "django_admin_log" ("content_type_id");
CREATE INDEX "django_admin_log_e8701ad4" ON "django_admin_log" ("user_id");
CREATE INDEX "alchimest_port_ef5a1f55" ON "alchimest_port" ("component_id");
CREATE INDEX "alchimest_volume_ef5a1f55" ON "alchimest_volume" ("component_id");
CREATE INDEX "alchimest_namespace_b068931c" ON "alchimest_namespace" ("name");
CREATE INDEX "alchimest_componentrelease_ef5a1f55" ON "alchimest_componentrelease" ("component_id");
CREATE INDEX "alchimest_componentrelease_520bfe34" ON "alchimest_componentrelease" ("in_package_id");
CREATE INDEX "alchimest_affinity_ef5a1f55" ON "alchimest_affinity" ("component_id");
CREATE INDEX "alchimest_affinity_66491337" ON "alchimest_affinity" ("to_component_id");
CREATE INDEX "alchimest_image_b068931c" ON "alchimest_image" ("name");
CREATE INDEX "alchimest_image_cf7b1778" ON "alchimest_image" ("namespace_id");
CREATE INDEX "alchimest_environment_ef5a1f55" ON "alchimest_environment" ("component_id");
CREATE INDEX "alchimest_component_b068931c" ON "alchimest_component" ("name");
CREATE INDEX "alchimest_component_f33175e6" ON "alchimest_component" ("image_id");
CREATE INDEX "alchimest_component_cf7b1778" ON "alchimest_component" ("namespace_id");
CREATE INDEX "alchimest_package_b068931c" ON "alchimest_package" ("name");
CREATE INDEX "alchimest_package_cf7b1778" ON "alchimest_package" ("namespace_id");
CREATE INDEX "alchimest_universallyuniquevariableincomponent_9f67c3ae" ON "alchimest_universallyuniquevariableincomponent" ("in_component_id");
CREATE INDEX "alchimest_universallyuniquevariableincomponent_0ca69137" ON "alchimest_universallyuniquevariableincomponent" ("uuv_id");
CREATE INDEX "alchimest_universallyuniquevariableinpackage_520bfe34" ON "alchimest_universallyuniquevariableinpackage" ("in_package_id");
CREATE INDEX "alchimest_universallyuniquevariableinpackage_0ca69137" ON "alchimest_universallyuniquevariableinpackage" ("uuv_id");
CREATE INDEX "alchimest_replica_e8701ad4" ON "alchimest_replica" ("user_id");
CREATE INDEX "alchimest_universallyuniquevariable_3c6e0b8a" ON "alchimest_universallyuniquevariable" ("key");
CREATE INDEX "auth_permission_417f1b1c" ON "auth_permission" ("content_type_id");
CREATE INDEX "coil_deploymentrecord_e8701ad4" ON "coil_deploymentrecord" ("user_id");
CREATE INDEX "furion_partnervariableinenvironment_36fdfd5b" ON "furion_partnervariableinenvironment" ("in_environment_id");
CREATE INDEX "furion_partnervariableinenvironment_85e79c9f" ON "furion_partnervariableinenvironment" ("partner_variable_id");
CREATE INDEX "furion_region_ea808f32" ON "furion_region" ("k8s_api_endpoint");
CREATE INDEX "furion_useservice_36fdfd5b" ON "furion_useservice" ("in_environment_id");
CREATE INDEX "furion_useservice_b0dc1e29" ON "furion_useservice" ("service_id");
CREATE INDEX "furion_variable_1a57677a" ON "furion_variable" ("in_service_id");
CREATE INDEX "furion_environment_0f442f96" ON "furion_environment" ("region_id");
CREATE INDEX "django_session_de54fa62" ON "django_session" ("expire_date");
COMMIT;
